Variable,Count,Mean,Std,Min,Max
V-1_Project_Locality,239,N/A,N/A,N/A,N/A
V-2_Total_Floor_Area,239,300.42770007949787,97.97773333863707,150.409957,1091.796056
V-3_Lot_Area,239,1022.1716713054393,581.315375734327,278.709,5935.293961
V-7_Construction_Duration,239,1.8535564853556485,5.684223514441716,1.0,89.0
V-9_Sale_Price,239,275751.30962343095,99488.53060945317,113000.0,611657.0
Year_Sold,239,2007.1255230125523,1.1599665121641,2006.0,2010.0
